City_ID,City,Lat,Lng,Max Temp,Humidity,Cloudiness,Wind Speed,Country,Date
0,Horadiz,39.4488,47.3353,50.77,77,100,1.92,AZ,2021-10-29 23:57:01
1,Ndele,8.4109,20.6473,72.52,72,100,1.48,CF,2021-10-29 23:57:01
2,Ahuimanu,21.4447,-157.8378,86.77,64,90,9.22,US,2021-10-29 23:57:02
3,Hamilton,39.1834,-84.5333,58.05,97,90,1.01,US,2021-10-29 23:57:02
4,Francisco Sa,-16.4758,-43.4883,78.94,50,69,10.71,BR,2021-10-29 23:57:03
5,Airai,-8.9266,125.4092,71.13,62,81,2.08,TL,2021-10-29 23:57:03
6,Mayo,38.8876,-76.5119,61.99,96,90,4.0,US,2021-10-29 23:57:04
7,Qaanaaq,77.484,-69.3632,14.27,70,100,8.19,GL,2021-10-29 23:57:04
8,Atuona,-9.8,-139.0333,77.38,72,24,12.39,PF,2021-10-29 23:57:05
9,Loma Bonita,8.3833,-80.1667,78.35,83,75,11.5,PA,2021-10-29 23:57:05
10,Hirara,24.8,125.2833,75.47,78,75,3.44,JP,2021-10-29 23:57:05
11,Saint-Philippe,-21.3585,55.7679,69.48,83,40,7.36,RE,2021-10-29 23:57:06
12,Bredasdorp,-34.5322,20.0403,59.29,88,32,6.91,ZA,2021-10-29 23:57:06
13,San Patricio,28.017,-97.5169,77.09,25,0,8.88,US,2021-10-29 23:57:07
14,Ixtapa,20.7,-105.2,83.23,87,38,2.91,MX,2021-10-29 23:57:07
15,Hobart,-42.8794,147.3294,53.26,62,75,3.0,AU,2021-10-29 23:55:50
16,Rikitea,-23.1203,-134.9692,75.99,78,95,17.05,PF,2021-10-29 23:57:08
17,Castro,-24.7911,-50.0119,61.38,93,44,11.14,BR,2021-10-29 23:57:08
18,New Norfolk,-42.7826,147.0587,52.92,58,70,4.0,AU,2021-10-29 23:57:09
19,Kavieng,-2.5744,150.7967,84.72,70,95,10.04,PG,2021-10-29 23:57:09
20,Meulaboh,4.1363,96.1285,75.25,89,100,4.72,ID,2021-10-29 23:57:10
21,Nisia Floresta,-6.0911,-35.2086,77.81,77,53,11.99,BR,2021-10-29 23:52:18
22,Saskylakh,71.9167,114.0833,-9.17,97,99,8.99,RU,2021-10-29 23:57:10
23,Ribeira Grande,38.5167,-28.7,70.21,92,100,25.59,PT,2021-10-29 23:57:11
24,Jamestown,42.097,-79.2353,47.95,98,100,5.99,US,2021-10-29 23:56:26
25,Cidreira,-30.1811,-50.2056,68.36,86,73,21.0,BR,2021-10-29 23:57:11
26,Avarua,-21.2078,-159.775,78.85,65,75,12.66,CK,2021-10-29 23:57:12
27,Punta Arenas,-53.15,-70.9167,48.31,49,40,18.41,CL,2021-10-29 23:57:12
28,Kruisfontein,-34.0033,24.7314,58.89,84,49,17.76,ZA,2021-10-29 23:57:13
29,Port-Gentil,-0.7193,8.7815,80.56,89,75,13.8,GA,2021-10-29 23:57:13
30,Bambous Virieux,-20.3428,57.7575,72.21,94,75,3.44,MU,2021-10-29 23:57:01
31,Ancona,43.55,13.1667,53.67,73,69,5.01,IT,2021-10-29 23:57:14
32,Carnarvon,-24.8667,113.6333,69.87,46,0,18.41,AU,2021-10-29 23:57:14
33,Hovd,48.0056,91.6419,31.41,53,22,5.1,MN,2021-10-29 23:57:15
34,Vila Franca Do Campo,37.7167,-25.4333,73.2,93,84,15.93,PT,2021-10-29 23:57:15
35,Port Alfred,-33.5906,26.891,61.0,79,72,13.09,ZA,2021-10-29 23:57:14
36,Pisco,-13.7,-76.2167,64.45,77,0,17.27,PE,2021-10-29 23:57:16
37,Bluff,-46.6,168.3333,61.5,66,65,5.95,NZ,2021-10-29 23:56:35
38,Humaita,-7.5061,-63.0208,76.28,78,57,2.86,BR,2021-10-29 23:57:16
39,Dingle,10.9995,122.6711,78.49,88,78,9.69,PH,2021-10-29 23:57:17
40,Peringat,6.0333,102.2833,79.9,94,20,3.44,MY,2021-10-29 23:57:17
41,Mataura,-46.1927,168.8643,71.47,46,67,4.52,NZ,2021-10-29 23:57:18
42,Georgetown,5.4112,100.3354,80.53,88,20,3.0,MY,2021-10-29 23:57:18
43,Kodiak,57.79,-152.4072,44.11,87,90,18.41,US,2021-10-29 23:57:18
44,Vanimo,-2.6741,141.3028,84.83,70,99,4.99,PG,2021-10-29 23:57:19
45,Zemio,5.0314,25.1361,69.42,95,100,0.76,CF,2021-10-29 23:57:19
46,Gorele,41.0308,39.0031,54.84,85,68,3.83,TR,2021-10-29 23:57:20
47,Hermanus,-34.4187,19.2345,59.9,83,27,2.75,ZA,2021-10-29 23:57:20
48,Zlitan,32.4674,14.5687,68.25,68,10,10.49,LY,2021-10-29 23:58:21
49,Bengkulu,-3.8004,102.2655,76.82,88,81,2.84,ID,2021-10-29 23:58:21
50,Doha,25.2867,51.5333,82.38,69,0,6.91,QA,2021-10-29 23:58:21
51,Changli,39.7042,119.1506,54.88,74,3,3.27,CN,2021-10-29 23:58:22
52,Shingu,33.7333,135.9833,63.59,65,99,1.97,JP,2021-10-29 23:58:22
53,Labuhan,-6.8844,112.2051,81.66,78,100,9.4,ID,2021-10-29 23:58:23
54,Yellowknife,62.456,-114.3525,33.42,95,75,1.01,CA,2021-10-29 23:54:12
55,Busselton,-33.65,115.3333,57.04,63,5,7.45,AU,2021-10-29 23:58:23
56,Los Llanos De Aridane,28.6585,-17.9182,64.15,80,0,5.99,ES,2021-10-29 23:58:24
57,Sakakah,29.9697,40.2064,71.17,27,67,2.8,SA,2021-10-29 23:58:24
58,Ushuaia,-54.8,-68.3,46.02,49,75,24.16,AR,2021-10-29 23:57:06
59,Aykhal,66.0,111.5,-1.77,99,65,8.72,RU,2021-10-29 23:58:25
60,Juneau,58.3019,-134.4197,44.22,97,100,6.22,US,2021-10-29 23:58:25
61,Kahului,20.8947,-156.47,83.97,76,49,11.01,US,2021-10-29 23:58:26
62,Visconde Do Rio Branco,-21.0103,-42.8406,66.99,95,100,5.06,BR,2021-10-29 23:58:26
63,Umm Kaddadah,13.6017,26.6876,80.37,17,63,10.38,SD,2021-10-29 23:58:27
64,Kamina,-8.7386,24.9906,65.03,96,74,4.38,CD,2021-10-29 23:58:27
65,Sao Filipe,14.8961,-24.4956,78.93,75,90,8.19,CV,2021-10-29 23:58:28
66,Barrow,71.2906,-156.7887,9.19,87,82,10.11,US,2021-10-29 23:56:51
67,Tigil,57.8,158.6667,33.24,93,100,15.32,RU,2021-10-29 23:58:28
68,Key West,24.5557,-81.7826,81.0,62,71,20.78,US,2021-10-29 23:54:41
69,Carutapera,-1.195,-46.02,75.33,92,76,5.01,BR,2021-10-29 23:58:29
70,Sioux Lookout,50.1001,-91.917,42.87,87,75,4.61,CA,2021-10-29 23:58:29
71,East London,-33.0153,27.9116,63.55,70,64,13.42,ZA,2021-10-29 23:58:30
72,Tura,25.5198,90.2201,64.17,80,30,4.07,IN,2021-10-29 23:58:30
73,Krasnoselkup,65.7,82.4667,21.33,96,79,12.68,RU,2021-10-29 23:58:31
74,Maceio,-9.6658,-35.7353,80.04,73,20,3.44,BR,2021-10-29 23:54:43
75,Albany,42.6001,-73.9662,50.61,72,24,1.99,US,2021-10-29 23:55:12
76,Isangel,-19.55,169.2667,82.51,74,75,0.0,VU,2021-10-29 23:58:32
77,Vikhorevka,56.1201,101.1636,33.39,70,100,5.35,RU,2021-10-29 23:58:32
78,Dudinka,69.4058,86.1778,20.32,95,100,13.89,RU,2021-10-29 23:58:33
79,Bushehr,28.9684,50.8385,79.45,74,39,5.23,IR,2021-10-29 23:58:33
80,Cape Town,-33.9258,18.4232,62.1,85,75,1.99,ZA,2021-10-29 23:55:18
81,Lavrentiya,65.5833,-171.0,15.21,82,99,3.78,RU,2021-10-29 23:58:34
82,Hilo,19.7297,-155.09,80.26,81,41,4.0,US,2021-10-29 23:58:34
83,Nyurba,63.2842,118.3319,5.83,97,22,3.04,RU,2021-10-29 23:58:34
84,Waingapu,-9.6567,120.2641,84.13,69,69,4.68,ID,2021-10-29 23:58:35
85,Tiksi,71.6872,128.8694,3.2,94,99,7.52,RU,2021-10-29 23:58:35
86,Khatanga,71.9667,102.5,5.85,84,100,8.05,RU,2021-10-29 23:57:25
87,Puerto Ayora,-0.7393,-90.3518,69.82,91,76,10.07,EC,2021-10-29 23:56:40
88,Tasiilaq,65.6145,-37.6368,13.86,71,59,7.49,GL,2021-10-29 23:58:36
89,Hobyo,5.3505,48.5268,79.47,70,18,8.28,SO,2021-10-29 23:58:36
90,Shache,38.4167,77.2406,44.69,41,9,3.15,CN,2021-10-29 23:58:37
91,Kieta,-6.2167,155.6333,85.3,71,96,7.02,PG,2021-10-29 23:59:37
92,Puquio,-14.7,-74.1333,54.05,73,91,5.08,PE,2021-10-29 23:59:38
93,Tres Arroyos,-38.3739,-60.2798,75.47,36,2,17.81,AR,2021-10-29 23:59:38
94,Leningradskiy,69.3833,178.4167,-9.74,93,20,4.36,RU,2021-10-29 23:59:38
95,Atbasar,51.8,68.3333,35.44,98,100,7.96,KZ,2021-10-29 23:59:39
96,Bathsheba,13.2167,-59.5167,79.41,73,20,12.66,BB,2021-10-29 23:58:14
97,Auki,-8.7676,160.7034,86.22,66,89,4.54,SB,2021-10-29 23:59:39
98,Kysyl-Syr,63.8986,122.7617,1.89,99,94,3.62,RU,2021-10-29 23:59:40
99,Talnakh,69.4865,88.3972,17.44,95,100,8.63,RU,2021-10-29 23:57:19
100,Vao,-22.6667,167.4833,71.11,70,45,8.34,NC,2021-10-29 23:59:40
101,Gamba,-2.65,10.0,76.82,90,98,5.39,GA,2021-10-29 23:59:41
102,Corrente,-3.7367,-43.3394,75.02,84,85,3.6,BR,2021-10-29 23:59:41
103,Bilma,18.6853,12.9164,79.0,19,12,10.63,NE,2021-10-29 23:58:12
104,Russell,32.3502,-85.1999,54.12,86,99,9.26,US,2021-10-29 23:59:42
105,Atar,20.5169,-13.0499,79.81,44,98,5.97,MR,2021-10-29 23:58:21
106,Fairbanks,64.8378,-147.7164,20.23,90,97,1.7,US,2021-10-29 23:59:42
107,Havoysund,70.9963,24.6622,40.08,75,99,34.74,NO,2021-10-29 23:59:03
108,Zaykovo,57.5613,62.7568,23.68,72,79,7.54,RU,2021-10-29 23:59:43
109,Upernavik,72.7868,-56.1549,19.92,63,2,7.09,GL,2021-10-29 23:59:43
110,Hurghada,27.2574,33.8129,73.44,56,0,8.05,EG,2021-10-29 23:55:45
111,Mar Del Plata,-38.0023,-57.5575,65.08,96,55,5.99,AR,2021-10-29 23:56:35
112,Thunder Bay,48.4001,-89.3168,48.18,80,20,0.0,CA,2021-10-29 23:59:44
113,Moreira Sales,-24.0622,-53.0069,75.76,64,77,7.61,BR,2021-10-29 23:59:45
114,Saint Anthony,45.0205,-93.218,53.2,73,0,5.64,US,2021-10-29 23:59:45
115,Provideniya,64.3833,-173.3,14.31,70,80,2.37,RU,2021-10-29 23:59:46
116,Acarau,-2.8856,-40.12,79.05,75,30,7.23,BR,2021-10-29 23:59:46
117,Sabha,27.0377,14.4283,67.3,33,64,7.05,LY,2021-10-29 23:58:45
118,Butaritari,3.0707,172.7902,83.39,68,3,15.43,KI,2021-10-29 23:59:47
119,Longyearbyen,78.2186,15.6401,26.44,68,20,12.66,SJ,2021-10-29 23:59:47
120,Erdenet,49.0333,104.0833,26.51,72,1,3.47,MN,2021-10-29 23:59:47
121,Huarmey,-10.0681,-78.1522,64.96,82,41,10.36,PE,2021-10-29 23:59:48
122,Bethel,41.3712,-73.414,54.48,77,90,5.01,US,2021-10-29 23:59:48
123,Sardinia,38.8833,21.2,59.92,76,10,5.46,GR,2021-10-29 23:59:49
124,Dunedin,-45.8742,170.5036,59.81,90,67,11.01,NZ,2021-10-29 23:59:28
125,Varzea Grande,-15.6467,-56.1325,76.87,78,40,9.22,BR,2021-10-29 23:55:22
126,Tuatapere,-46.1333,167.6833,68.09,44,90,8.66,NZ,2021-10-29 23:59:49
127,Bati,11.1833,40.0167,60.91,41,4,6.33,ET,2021-10-29 23:59:50
128,Namibe,-15.1961,12.1522,65.95,83,52,4.61,AO,2021-10-29 23:57:25
129,Kasongo-Lunda,-6.4667,16.8167,69.28,99,100,0.45,CD,2021-10-29 23:59:50
130,Uribia,11.7139,-72.266,81.36,77,100,5.19,CO,2021-10-29 23:59:51
131,Besikduzu,41.052,39.2284,55.29,86,94,3.71,TR,2021-10-29 23:59:51
132,Dicabisagan,17.0818,122.4157,79.29,75,81,5.41,PH,2021-10-29 23:59:51
133,Nikolskoye,59.7035,30.7861,49.01,91,72,7.31,RU,2021-10-29 23:59:52
134,Hithadhoo,-0.6,73.0833,83.3,74,96,13.65,MV,2021-10-29 23:59:52
135,Port Blair,11.6667,92.75,80.73,83,75,6.44,IN,2021-10-29 23:58:48
136,Severo-Kurilsk,50.6789,156.125,42.37,84,98,12.24,RU,2021-10-29 23:59:53
137,Brigantine,39.4101,-74.3646,63.03,97,90,27.63,US,2021-10-29 23:59:53
138,Douentza,14.9951,-2.9517,87.19,38,82,1.19,ML,2021-10-30 00:00:53
139,Victoria,22.2855,114.1577,77.05,89,87,3.0,HK,2021-10-29 23:59:47
140,Kaniama,-7.5667,24.1833,65.53,96,61,2.26,CD,2021-10-30 00:00:54
141,Frankfort,-27.2667,28.4833,55.22,92,41,3.78,ZA,2021-10-30 00:00:55
142,Tual,-5.6667,132.75,84.11,70,99,5.46,ID,2021-10-30 00:00:55
143,Shimoda,34.6667,138.95,62.1,59,56,1.57,JP,2021-10-29 23:57:07
144,Oktyabrskoye,43.0645,44.7417,28.54,100,78,6.71,RU,2021-10-29 23:59:59
145,Madison Heights,42.4859,-83.1052,53.96,94,90,11.5,US,2021-10-29 23:57:32
146,Vuktyl,63.8567,57.3094,20.35,94,97,8.79,RU,2021-10-30 00:00:56
147,Berdigestyakh,62.0989,126.6992,7.86,95,91,4.72,RU,2021-10-30 00:00:56
148,Providencia,28.7167,-111.5833,91.62,40,0,5.99,MX,2021-10-30 00:00:57
149,College,64.8569,-147.8028,20.21,90,97,1.7,US,2021-10-30 00:00:57
150,Mareeba,-17.0,145.4333,86.32,64,38,6.53,AU,2021-10-30 00:00:58
151,Ust-Ilimsk,58.0006,102.6619,31.8,61,100,8.79,RU,2021-10-30 00:00:58
152,Warmbad,-28.45,18.7333,63.46,52,0,6.17,NA,2021-10-30 00:00:58
153,Malaryta,51.7905,24.074,47.62,82,11,10.13,BY,2021-10-30 00:00:59
154,Nouadhibou,20.931,-17.0347,69.1,76,52,16.42,MR,2021-10-30 00:00:59
155,Salta,-24.7859,-65.4117,71.31,57,26,2.93,AR,2021-10-30 00:00:35
156,Barcelos,41.5388,-8.6151,66.34,91,100,15.93,PT,2021-10-30 00:01:00
157,Uberaba,-19.7483,-47.9319,72.39,71,91,6.55,BR,2021-10-30 00:01:01
158,Bilibino,68.0546,166.4372,-9.67,87,97,2.64,RU,2021-10-30 00:01:01
159,Hay River,60.8156,-115.7999,33.76,93,90,12.66,CA,2021-10-30 00:01:02
160,Tuktoyaktuk,69.4541,-133.0374,23.45,95,100,1.05,CA,2021-10-30 00:01:03
161,Chuy,-33.6971,-53.4616,64.36,91,0,12.15,UY,2021-10-29 23:59:02
162,Bonga,7.2833,36.2333,55.9,85,36,1.99,ET,2021-10-30 00:01:04
163,Cherskiy,68.75,161.3,-12.68,96,99,2.3,RU,2021-10-29 23:58:53
164,Klaksvik,62.2266,-6.589,43.72,85,100,3.76,FO,2021-10-29 23:58:43
165,Serebryansk,49.6925,83.2892,33.35,90,40,3.8,KZ,2021-10-30 00:01:05
166,Port Hawkesbury,45.6169,-61.3485,46.58,87,29,1.01,CA,2021-10-30 00:01:05
167,Katsuura,35.1333,140.3,65.1,59,11,3.87,JP,2021-10-30 00:00:45
168,Naze,28.3667,129.4833,71.55,58,83,9.64,JP,2021-10-30 00:01:05
169,Rio Grande,-32.035,-52.0986,68.95,85,3,20.31,BR,2021-10-30 00:01:06
170,Baisha,26.5222,110.9311,59.72,93,100,1.81,CN,2021-10-30 00:01:06
171,Buala,-8.145,159.5921,85.73,70,94,11.36,SB,2021-10-30 00:01:07
172,Mbaiki,3.8678,17.9892,68.97,99,100,2.1,CF,2021-10-29 23:59:21
173,Vanavara,60.34,102.2797,28.56,77,100,8.46,RU,2021-10-29 23:58:42
174,Salalah,17.0151,54.0924,78.01,71,4,2.39,OM,2021-10-29 23:57:33
175,Joaima,-16.6542,-41.0306,71.71,90,89,3.4,BR,2021-10-30 00:01:08
176,Iqaluit,63.7506,-68.5145,38.7,64,100,10.0,CA,2021-10-30 00:00:15
177,Celestun,20.8667,-90.4,78.3,56,81,13.09,MX,2021-10-30 00:01:08
178,Koster,-25.863,26.8976,59.22,79,46,8.28,ZA,2021-10-30 00:01:08
179,Zhanakorgan,43.9098,67.2495,40.17,73,4,4.07,KZ,2021-10-30 00:01:09
180,Nelson Bay,-32.7167,152.15,69.12,65,40,4.0,AU,2021-10-30 00:01:09
181,Tokur,53.1333,132.9,28.22,94,100,4.03,RU,2021-10-30 00:01:10
182,Quelimane,-17.8786,36.8883,66.67,74,22,1.21,MZ,2021-10-30 00:01:10
183,Neuquen,-38.9516,-68.0591,79.43,16,96,26.82,AR,2021-10-30 00:01:10
184,Tazmalt,36.3868,4.3989,64.56,58,100,3.09,DZ,2021-10-30 00:02:11
185,Taoudenni,22.6783,-3.9836,81.48,19,26,8.57,ML,2021-10-30 00:02:12
186,Katherine,-14.4667,132.2667,86.32,58,92,8.05,AU,2021-10-30 00:02:12
187,Kapaa,22.0752,-159.319,83.19,76,8,5.99,US,2021-10-30 00:00:39
188,Seoul,37.5683,126.9778,58.44,53,100,3.04,KR,2021-10-30 00:00:49
189,Igarka,67.4667,86.5833,25.3,94,100,16.75,RU,2021-10-30 00:02:13
190,Dikson,73.5069,80.5464,5.45,88,100,16.93,RU,2021-10-30 00:02:14
191,Hasaki,35.7333,140.8333,55.8,49,0,1.61,JP,2021-10-30 00:02:15
192,Puerto Ayacucho,5.6639,-67.6236,78.1,87,80,2.39,VE,2021-10-30 00:02:16
193,Namatanai,-3.6667,152.4333,86.68,60,88,6.08,PG,2021-10-30 00:01:08
194,Port Elizabeth,-33.918,25.5701,61.11,72,0,11.5,ZA,2021-10-29 23:58:39
195,Guerrero Negro,27.9769,-114.0611,74.19,50,0,12.06,MX,2021-10-30 00:02:17
196,La Libertad,-2.2333,-80.9,71.4,81,68,13.2,EC,2021-10-30 00:02:18
197,Tomaszow Mazowiecki,51.5313,20.0086,47.48,63,89,6.87,PL,2021-10-29 23:59:17
198,Narsaq,60.9167,-46.05,28.62,78,92,4.16,GL,2021-10-30 00:02:18
199,Saint-Francois,46.4154,3.9054,60.24,62,0,18.41,FR,2021-10-30 00:02:20
200,Portland,45.5234,-122.6762,58.8,71,80,1.99,US,2021-10-29 23:59:26
201,Ponta Delgada,37.7333,-25.6667,73.51,94,75,13.8,PT,2021-10-30 00:02:21
202,Traverse City,44.7631,-85.6206,52.54,86,90,10.36,US,2021-10-30 00:01:28
203,Hailun,47.45,126.9333,43.36,51,100,6.91,CN,2021-10-30 00:02:21
204,Vaini,-21.2,-175.2,75.27,76,13,19.77,TO,2021-10-30 00:02:22
205,Chokurdakh,70.6333,147.9167,-14.75,99,100,2.24,RU,2021-10-29 23:58:45
206,Umm Lajj,25.0213,37.2685,82.58,48,0,9.69,SA,2021-10-30 00:02:22
207,Wuwei,37.9281,102.6414,42.06,39,14,4.85,CN,2021-10-30 00:02:23
208,Westerland,54.9079,8.3033,54.01,94,90,14.97,DE,2021-10-30 00:02:23
209,Thompson,55.7435,-97.8558,37.09,89,79,5.41,CA,2021-10-30 00:02:23
210,Aksarka,66.5606,67.7975,9.05,92,100,4.59,RU,2021-10-30 00:02:24
211,Ludvika,60.1496,15.1878,46.6,94,86,4.81,SE,2021-10-30 00:02:24
212,San Andres,12.5847,-81.7006,84.09,68,86,4.5,CO,2021-10-30 00:00:09
213,Pimenta Bueno,-11.6725,-61.1936,78.24,72,43,1.88,BR,2021-10-29 23:59:03
214,Luwuk,-0.9516,122.7875,83.16,76,95,1.25,ID,2021-10-30 00:02:25
215,Fort Nelson,58.8053,-122.7002,40.59,36,1,9.22,CA,2021-10-29 23:58:44
216,Ponta Do Sol,32.6667,-17.1,70.72,70,79,8.93,PT,2021-10-30 00:02:26
217,Fez,34.0372,-4.9998,59.25,62,0,5.75,MA,2021-10-30 00:02:26
218,Saint George,37.1041,-113.5841,81.07,31,1,4.0,US,2021-10-30 00:01:55
219,Kaspiysk,42.8816,47.6392,44.78,87,100,8.95,RU,2021-10-30 00:02:27
220,Swabi,34.1199,72.4699,61.5,42,0,4.5,PK,2021-10-30 00:01:07
221,Lebu,-37.6167,-73.65,54.66,81,100,18.99,CL,2021-10-30 00:02:28
222,Derzhavinsk,51.1,66.3167,36.75,96,100,10.45,KZ,2021-10-30 00:02:28
223,Havelock,34.8791,-76.9013,67.95,68,8,4.0,US,2021-10-30 00:01:43
224,Olafsvik,64.8945,-23.7142,39.88,92,100,28.79,IS,2021-10-30 00:02:29
225,Dawson Creek,55.7666,-120.2362,35.35,40,1,8.12,CA,2021-10-30 00:00:30
226,Tekeli,44.83,78.8239,36.25,88,93,2.48,KZ,2021-10-30 00:02:30
227,Sur,22.5667,59.5289,76.87,47,4,3.65,OM,2021-10-29 23:58:13
228,Llata,-9.4167,-76.7833,52.34,88,79,2.73,PE,2021-10-30 00:03:30
229,Mao,39.8885,4.2658,66.76,77,20,13.8,ES,2021-10-30 00:03:31
230,Vrangel,42.7297,133.0839,50.23,62,100,0.78,RU,2021-10-30 00:03:31
231,Arraial Do Cabo,-22.9661,-42.0278,69.46,89,100,21.21,BR,2021-10-30 00:03:32
232,Liverpool,53.4106,-2.9779,51.19,87,94,5.99,GB,2021-10-30 00:00:21
233,Omsukchan,62.5333,155.8,12.6,94,100,4.05,RU,2021-10-29 23:59:15
234,Dalvik,65.9702,-18.5286,38.61,92,100,5.95,IS,2021-10-30 00:03:33
235,New Plymouth,-39.0667,174.0833,65.05,70,21,9.95,NZ,2021-10-29 23:59:42
236,Bria,6.5423,21.9863,69.57,98,97,2.3,CF,2021-10-30 00:03:33
237,Santa Cruz,-17.8,-63.1667,86.05,62,20,10.36,BO,2021-10-29 23:59:10
238,Vallenar,-28.5708,-70.7581,69.06,51,0,3.02,CL,2021-10-30 00:03:34
239,Jumla,29.2747,82.1838,41.59,60,1,4.25,NP,2021-10-29 23:59:49
240,Constantine,36.365,6.6147,57.92,67,54,3.56,DZ,2021-10-30 00:00:26
241,Cayenne,4.9333,-52.3333,82.09,80,70,3.0,GF,2021-10-29 23:58:56
242,Yulara,-25.2406,130.9889,66.31,33,100,21.45,AU,2021-10-30 00:03:35
243,Kangaatsiaq,68.3065,-53.4641,31.95,96,100,13.96,GL,2021-10-30 00:03:36
244,Uppsala,60.0,17.75,44.62,98,90,6.91,SE,2021-10-30 00:03:36
245,Dundee,56.5,-2.9667,43.61,96,0,1.14,GB,2021-10-30 00:03:36
246,Rudnichnyy,59.617,52.4703,26.62,95,100,11.27,RU,2021-10-30 00:03:37
247,Berezovyy,51.6667,135.7,38.46,74,100,1.34,RU,2021-10-30 00:03:37
248,Hinton,53.4001,-117.5857,38.1,40,67,9.48,CA,2021-10-30 00:03:38
249,Alberton,46.8168,-64.0654,48.06,77,44,11.77,CA,2021-10-30 00:03:39
250,Te Anau,-45.4167,167.7167,65.62,48,71,7.65,NZ,2021-10-30 00:03:39
251,Dolores,-36.3132,-57.6792,59.77,95,52,8.46,AR,2021-10-30 00:03:39
252,Ivanovka,42.8878,75.085,36.03,77,58,4.5,KG,2021-10-30 00:03:40
253,Kaitangata,-46.2817,169.8464,66.92,57,58,13.49,NZ,2021-10-29 23:59:28
254,Machiques,10.0644,-72.545,76.6,87,100,2.37,VE,2021-10-30 00:03:40
255,Fort Morgan,40.2503,-103.8,66.85,22,1,6.91,US,2021-10-30 00:03:41
256,Guane,22.2025,-84.0875,75.24,68,42,7.02,CU,2021-10-30 00:03:41
257,Norman Wells,65.282,-126.8329,23.92,97,100,3.83,CA,2021-10-30 00:03:41
258,North Bend,43.4065,-124.2243,57.85,94,1,11.5,US,2021-10-30 00:03:42
259,Ucluelet,48.9329,-125.5528,53.1,74,3,5.95,CA,2021-10-30 00:00:03
260,Mindelo,16.8901,-24.9804,75.16,79,98,17.74,CV,2021-10-30 00:03:43
261,Marsa Matruh,31.3525,27.2453,71.24,76,100,5.28,EG,2021-10-30 00:00:24
262,Muravlenko,63.7898,74.523,15.15,93,100,29.82,RU,2021-10-30 00:03:44
263,Pemberton,50.3164,-122.8027,44.33,87,72,3.0,CA,2021-10-30 00:03:44
264,Half Moon Bay,37.4636,-122.4286,79.92,74,20,1.99,US,2021-10-30 00:03:45
265,Kupang,-10.1667,123.5833,86.68,59,78,3.91,ID,2021-10-30 00:03:45
266,Mrakovo,52.7161,56.6244,30.49,90,63,1.12,RU,2021-10-30 00:03:46
267,Coahuayana,18.7333,-103.6833,81.45,81,62,3.31,MX,2021-10-30 00:00:48
268,Roebourne,-20.7833,117.1333,79.48,19,0,9.53,AU,2021-10-30 00:03:46
269,Ilulissat,69.2167,-51.1,26.62,80,90,3.44,GL,2021-10-30 00:03:47
270,Ternate,0.8,127.4,81.68,77,98,6.17,ID,2021-10-30 00:00:14
271,Jacareacanga,-6.2222,-57.7528,73.47,98,92,1.88,BR,2021-10-30 00:03:47
272,Grand Gaube,-20.0064,57.6608,72.37,91,45,1.99,MU,2021-10-29 23:59:06
273,Medvedka,61.1629,46.387,44.02,97,100,11.83,RU,2021-10-30 00:04:48
274,Agadez,19.75,10.25,77.86,16,24,5.32,NE,2021-10-30 00:04:49
275,Ngunguru,-35.6167,174.5,73.17,69,94,12.8,NZ,2021-10-30 00:04:49
276,Perni,41.0011,24.6356,56.35,63,0,4.68,GR,2021-10-30 00:04:49
277,Fortuna,40.5982,-124.1573,66.18,70,90,1.99,US,2021-10-30 00:01:07
278,Sovetskiy,61.3614,63.5842,18.0,79,17,7.31,RU,2021-10-30 00:04:50
279,North Myrtle Beach,33.816,-78.68,70.0,67,1,6.91,US,2021-10-30 00:04:50
280,Challans,46.8436,-1.8749,56.32,87,97,13.27,FR,2021-10-30 00:04:51
281,Tommot,58.9564,126.2925,19.74,85,100,8.03,RU,2021-10-30 00:04:51
282,Saint-Georges,12.0564,-61.7485,80.28,78,20,11.5,GD,2021-10-30 00:04:51
283,Dwarka,22.2394,68.9678,78.93,42,99,6.26,IN,2021-10-30 00:04:52
284,Havre-Saint-Pierre,50.2334,-63.5986,45.63,59,0,2.71,CA,2021-10-30 00:04:52
285,Esperance,-33.8667,121.9,56.19,64,18,8.03,AU,2021-10-30 00:04:53
286,Nynashamn,58.9034,17.9479,47.82,92,67,13.27,SE,2021-10-30 00:04:53
287,Champerico,14.3,-91.9167,83.35,74,6,5.84,GT,2021-10-30 00:04:54
288,Pokrovsk,48.282,37.1758,42.31,83,5,5.91,UA,2021-10-30 00:04:54
289,Taylorville,39.5489,-89.2945,53.01,100,90,14.97,US,2021-10-30 00:04:55
290,Codrington,-38.2667,141.9667,55.9,56,64,14.72,AU,2021-10-30 00:00:59
291,Karratha,-20.7377,116.8463,77.52,24,0,12.19,AU,2021-10-30 00:04:55
292,Christchurch,-43.5333,172.6333,65.91,67,40,5.01,NZ,2021-10-30 00:04:05
293,Ippy,6.2679,21.2247,69.17,98,96,4.41,CF,2021-10-30 00:04:56
294,Ellisras,-23.6649,27.7443,69.67,60,54,7.02,ZA,2021-10-30 00:04:56
295,Antofagasta,-23.65,-70.4,61.41,78,12,3.44,CL,2021-10-30 00:00:07
296,Santa Barbara,34.7333,-120.0343,78.35,45,32,5.57,US,2021-10-30 00:04:57
297,Torbay,47.6666,-52.7314,41.58,93,100,4.0,CA,2021-10-30 00:04:57
298,Flinders,-34.5833,150.8552,65.8,45,99,8.99,AU,2021-10-30 00:04:58
299,Constitucion,-35.3333,-72.4167,58.08,72,90,15.43,CL,2021-10-30 00:04:58
300,Winnemucca,40.973,-117.7357,69.85,37,1,4.61,US,2021-10-30 00:04:59
301,Tocopilla,-22.092,-70.1979,65.52,65,22,5.99,CL,2021-10-30 00:04:59
302,Padang,-0.9492,100.3543,78.69,85,85,3.02,ID,2021-10-30 00:00:28
303,Armidale,-30.5167,151.65,67.8,49,20,11.81,AU,2021-10-30 00:05:00
304,Lasa,46.6166,10.7002,37.36,53,90,4.47,IT,2021-10-30 00:01:13
305,Pevek,69.7008,170.3133,-1.3,92,98,3.49,RU,2021-10-30 00:05:01
306,Novocheboksarsk,56.111,47.4776,39.76,100,75,17.9,RU,2021-10-30 00:05:01
307,Avera,33.194,-82.5271,57.07,70,83,7.72,US,2021-10-30 00:05:02
308,Bubaque,11.2833,-15.8333,83.35,71,100,7.25,GW,2021-10-30 00:05:03
309,San Quintin,30.4833,-115.95,70.95,63,0,8.05,MX,2021-10-30 00:05:04
310,Nemuro,43.3236,145.575,48.63,74,84,16.35,JP,2021-10-30 00:05:04
311,Mwinilunga,-11.7358,24.4293,62.82,80,33,3.29,ZM,2021-10-30 00:05:05
312,Kamogawa,35.1,140.1,65.05,60,11,3.44,JP,2021-10-30 00:05:06
313,Porto Recanati,43.4365,13.6613,55.31,53,75,3.22,IT,2021-10-30 00:05:06
314,Bolivar,37.6145,-93.4105,49.59,93,100,15.21,US,2021-10-30 00:02:17
315,Sarny,51.338,26.6019,47.14,81,27,9.98,UA,2021-10-30 00:05:07
316,Gayny,60.3071,54.3241,25.7,94,100,9.86,RU,2021-10-30 00:05:07
317,Abu Samrah,35.3029,37.1841,64.71,57,100,5.28,SY,2021-10-30 00:02:04
318,Vizinga,61.0749,50.1031,30.36,94,100,8.03,RU,2021-10-30 00:05:08
319,Lovington,32.944,-103.3485,67.05,21,0,3.0,US,2021-10-30 00:05:08
320,Rock Springs,41.5875,-109.2029,55.04,41,1,6.91,US,2021-10-30 00:06:09
321,Nanortalik,60.1432,-45.2371,34.14,83,94,6.8,GL,2021-10-30 00:06:09
322,Mayumba,-3.432,10.6554,77.43,89,74,4.81,GA,2021-10-30 00:06:10
323,Vila Velha,-20.3297,-40.2925,73.35,94,75,11.5,BR,2021-10-30 00:06:10
324,Marawi,7.9986,124.2928,72.64,83,21,0.78,PH,2021-10-30 00:06:10
325,Zhigansk,66.7697,123.3711,-10.89,100,97,2.01,RU,2021-10-30 00:06:11
326,Ossora,59.2353,163.0719,27.01,83,20,8.43,RU,2021-10-30 00:06:11
327,Pemangkat,1.1667,108.9667,79.25,82,98,7.94,ID,2021-10-30 00:06:12
328,Shitkino,56.3703,98.3543,32.67,69,100,5.32,RU,2021-10-30 00:06:12
329,Gigmoto,13.7796,124.39,83.57,69,8,12.71,PH,2021-10-30 00:06:13
330,Saint-Michel-Des-Saints,46.6834,-73.9159,38.93,76,7,5.32,CA,2021-10-30 00:06:13
331,Raudeberg,61.9875,5.1352,54.27,73,100,15.39,NO,2021-10-30 00:06:14
332,Ulaangom,49.9811,92.0667,30.2,58,57,3.96,MN,2021-10-30 00:06:14
333,Penha,-26.7694,-48.6458,69.67,88,75,5.75,BR,2021-10-30 00:06:14
334,Sanandaj,35.3144,46.9923,51.89,63,100,3.96,IR,2021-10-30 00:06:15
335,Touba,8.2833,-7.6833,71.06,91,89,3.22,CI,2021-10-30 00:06:15
336,Kamenka,51.3223,42.7678,38.21,89,15,6.78,RU,2021-10-30 00:06:16
337,Agirish,61.9247,63.0231,16.41,82,17,7.27,RU,2021-10-30 00:06:16
338,Sao Gabriel Da Cachoeira,-0.1303,-67.0892,73.2,96,73,0.56,BR,2021-10-30 00:05:00
339,Qasigiannguit,68.8193,-51.1922,26.85,92,94,6.2,GL,2021-10-30 00:06:17
340,Necochea,-38.5473,-58.7368,70.03,51,33,15.73,AR,2021-10-30 00:06:17
341,Aklavik,68.2191,-135.0107,18.68,97,100,2.98,CA,2021-10-30 00:06:18
342,Kaura Namoda,12.5898,6.5779,78.1,18,95,7.36,NG,2021-10-30 00:06:18
343,Zeya,53.75,127.2667,26.85,37,29,8.21,RU,2021-10-30 00:06:19
344,Gorontalo,0.5412,123.0595,82.89,79,88,1.52,ID,2021-10-30 00:06:19
345,Novouzensk,50.4592,48.1431,36.81,87,30,3.56,RU,2021-10-30 00:06:19
346,Hauge,58.3436,6.2812,55.58,90,100,22.06,NO,2021-10-30 00:06:20
347,Mersing,2.4312,103.8405,80.1,83,63,0.47,MY,2021-10-30 00:06:20
348,Emerald,-23.5333,148.1667,84.34,49,81,7.27,AU,2021-10-30 00:06:21
349,Snasa,64.2457,12.3778,45.68,93,100,5.59,NO,2021-10-30 00:06:21
350,Abeche,13.8292,20.8324,78.35,18,58,7.49,TD,2021-10-30 00:06:22
351,Monte Alegre,-2.0078,-54.0692,77.83,78,45,2.08,BR,2021-10-30 00:06:22
352,Tadine,-21.55,167.8833,76.46,65,22,7.02,NC,2021-10-30 00:06:22
353,Moree,-29.4667,149.85,79.16,41,4,9.95,AU,2021-10-30 00:06:23
354,Kajiado,-1.8524,36.7768,62.46,84,85,10.71,KE,2021-10-30 00:06:23
355,Pyay,18.8167,95.2167,74.01,93,66,3.2,MM,2021-10-30 00:06:24
356,Zabaykalsk,49.6333,117.3167,27.25,66,94,14.0,RU,2021-10-30 00:06:24
357,Muzhi,65.3667,64.6667,15.8,78,24,15.95,RU,2021-10-30 00:06:25
358,Tucuman,-26.8241,-65.2226,80.6,50,100,11.5,AR,2021-10-30 00:05:41
359,Bollnas,61.3482,16.3946,43.39,92,97,8.14,SE,2021-10-30 00:06:25
360,Kabalo,-6.05,26.9167,68.32,97,38,3.11,CD,2021-10-30 00:06:26
361,Miri,4.4148,114.0089,78.39,88,98,4.38,MY,2021-10-30 00:06:26
362,Gizo,-8.103,156.8419,85.84,67,70,5.53,SB,2021-10-30 00:05:55
363,Puri,19.8,85.85,76.32,78,83,9.44,IN,2021-10-30 00:06:27
364,Palmer,42.1584,-72.3287,49.32,72,90,4.0,US,2021-10-30 00:05:38
365,Broken Hill,-31.95,141.4333,59.63,35,0,14.63,AU,2021-10-30 00:06:27
366,Dwarahat,29.7833,79.4333,48.7,71,0,3.74,IN,2021-10-30 00:06:28
367,Cabedelo,-6.9811,-34.8339,77.67,75,63,17.47,BR,2021-10-30 00:06:28
368,Sorong,-0.8833,131.25,81.23,80,96,4.97,ID,2021-10-30 00:07:29
369,Road Town,18.4167,-64.6167,82.49,66,1,10.6,VG,2021-10-30 00:07:29
370,Dedenevo,56.25,37.5167,48.69,93,98,10.54,RU,2021-10-30 00:07:29
371,Kikwit,-5.041,18.8162,68.22,98,97,0.72,CD,2021-10-30 00:07:30
372,Carpinteria,34.3989,-119.5185,86.7,51,33,4.21,US,2021-10-30 00:07:30
373,Crotone,39.0851,17.1178,55.92,83,100,11.79,IT,2021-10-30 00:07:31
374,Richards Bay,-28.783,32.0377,66.83,88,100,12.06,ZA,2021-10-30 00:07:31
375,Panzhihua,26.5851,101.7128,59.58,91,69,1.59,CN,2021-10-30 00:06:23
376,Boa Vista,2.8197,-60.6733,81.3,69,68,4.88,BR,2021-10-30 00:07:32
377,Potsdam,52.3989,13.0657,49.1,90,56,6.62,DE,2021-10-30 00:04:12
378,Amapa,1.0,-52.0,77.76,73,72,4.56,BR,2021-10-30 00:07:32
379,Hammerfest,70.6634,23.6821,39.65,75,40,19.57,NO,2021-10-30 00:07:33
380,Baoqing,46.3317,132.2111,43.93,58,73,3.96,CN,2021-10-30 00:07:33
381,Nioro,13.35,-15.75,78.42,70,99,5.21,GM,2021-10-30 00:07:34
382,Voh,-20.9667,164.7,84.45,47,6,4.61,NC,2021-10-30 00:07:34
383,Kirakira,-10.4544,161.9205,86.56,69,83,13.4,SB,2021-10-30 00:03:11
384,Lazaro Cardenas,17.9583,-102.2,80.76,79,3,2.91,MX,2021-10-30 00:05:30
385,Chifeng,42.2683,118.9636,48.38,60,68,4.03,CN,2021-10-30 00:07:35
386,Galveston,29.3669,-94.9669,70.14,44,1,1.01,US,2021-10-30 00:07:24
387,Westport,41.1415,-73.3579,56.8,73,90,1.01,US,2021-10-30 00:06:22
388,Ambunti,-4.2365,142.8448,84.85,75,77,2.24,PG,2021-10-30 00:07:36
389,Tumut,-35.3,148.2167,58.19,40,0,7.27,AU,2021-10-30 00:07:36
390,Geraldton,-28.7667,114.6,66.61,37,0,11.5,AU,2021-10-30 00:07:36
391,Pacific Grove,36.6177,-121.9166,79.2,85,1,1.99,US,2021-10-30 00:07:37
392,Davila,18.4726,120.5763,80.04,71,7,11.01,PH,2021-10-30 00:07:37
393,North Platte,41.1239,-100.7654,62.26,47,1,1.01,US,2021-10-30 00:07:38
394,Saldanha,-33.0117,17.9442,60.37,92,0,8.52,ZA,2021-10-30 00:07:38
395,Ca Mau,9.1769,105.15,77.25,94,90,4.92,VN,2021-10-30 00:07:38
396,Kriel,-26.2739,29.2253,56.77,87,99,5.23,ZA,2021-10-30 00:07:39
397,Houma,29.5958,-90.7195,62.6,62,1,11.5,US,2021-10-30 00:07:39
398,Astara,38.5,48.6667,50.65,96,100,1.48,AZ,2021-10-30 00:07:40
399,Foldeak,46.3167,20.5,44.85,54,2,4.14,HU,2021-10-30 00:07:40
400,Marrakesh,31.6315,-8.0083,62.67,72,0,3.44,MA,2021-10-30 00:07:40
401,Abbeville,50.1,1.8333,53.49,94,94,11.16,FR,2021-10-30 00:07:41
402,Beloha,-25.1667,45.05,62.38,68,22,13.62,MG,2021-10-30 00:07:24
403,Kisangani,0.5167,25.2,69.33,99,89,1.03,CD,2021-10-30 00:07:41
404,Vitim,59.4511,112.5578,21.76,80,100,3.24,RU,2021-10-30 00:07:42
405,Sarahan,31.5167,77.8,42.89,30,0,7.85,IN,2021-10-30 00:07:42
406,Dubti,11.7361,41.0853,79.2,39,4,7.83,ET,2021-10-30 00:07:43
407,Warman,52.3168,-106.5679,46.09,41,97,7.0,CA,2021-10-30 00:07:43
408,Fukuma,33.7667,130.4667,65.28,61,54,4.12,JP,2021-10-30 00:07:44
409,Mackenzie,55.2999,-123.1698,35.1,52,10,2.42,CA,2021-10-30 00:07:44
410,Praia Da Vitoria,38.7333,-27.0667,69.76,98,98,7.7,PT,2021-10-30 00:06:07
411,Sobolevo,54.4299,31.8996,45.79,95,53,9.26,RU,2021-10-30 00:07:44
412,Cabo San Lucas,22.8909,-109.9124,84.61,62,20,3.0,MX,2021-10-30 00:07:45
413,Lata,40.1629,-8.3327,68.92,97,100,14.25,PT,2021-10-30 00:07:45
414,Hofn,64.2539,-15.2082,44.62,82,100,14.7,IS,2021-10-30 00:07:46
415,Karpathos,35.507,27.2132,64.36,82,70,10.36,GR,2021-10-30 00:08:46
416,Pringsewu,-5.3582,104.9744,78.21,90,98,2.95,ID,2021-10-30 00:08:47
417,Kolomna,55.0794,38.7783,50.25,93,99,10.47,RU,2021-10-30 00:08:47
418,Khani,41.9563,42.9566,42.37,88,95,2.8,GE,2021-10-30 00:08:48
419,Verkhnyaya Toyma,62.2349,44.9985,43.61,98,100,9.98,RU,2021-10-30 00:08:48
420,Rabo De Peixe,37.8,-25.5833,72.28,92,75,13.8,PT,2021-10-30 00:08:49
421,Ocos,14.5094,-92.1933,83.32,72,6,5.17,GT,2021-10-30 00:08:49
422,Kamaishi,39.2667,141.8833,55.2,61,0,1.41,JP,2021-10-30 00:08:49
423,Ratnagiri,16.9833,73.3,76.89,59,100,6.89,IN,2021-10-30 00:08:50
424,Kefalos,36.7453,26.9589,61.02,72,20,4.61,GR,2021-10-30 00:08:50
425,Iwanai,42.9744,140.5089,51.3,66,0,2.51,JP,2021-10-30 00:05:46
426,Ambon,-3.6954,128.1814,84.34,74,20,3.44,ID,2021-10-30 00:08:51
427,Dasol,15.9902,119.8828,80.6,72,26,5.84,PH,2021-10-30 00:08:51
428,Batagay-Alyta,67.8006,130.4114,-7.94,86,91,6.06,RU,2021-10-30 00:08:51
429,San Pedro,14.35,121.0167,84.31,70,42,10.16,PH,2021-10-30 00:06:34
430,Verkhnyaya Inta,65.9811,60.3094,15.48,96,88,8.97,RU,2021-10-30 00:08:52
431,Tondano,1.3038,124.9112,71.69,70,94,2.59,ID,2021-10-30 00:08:53
432,Bellevue,47.6104,-122.2007,52.47,80,75,3.0,US,2021-10-30 00:08:53
433,Moulins,46.5,3.3333,61.52,72,100,9.22,FR,2021-10-30 00:08:53
434,Port Hardy,50.6996,-127.4199,47.19,65,6,14.45,CA,2021-10-30 00:06:58
435,Marsh Harbour,26.5412,-77.0636,78.57,84,100,11.61,BS,2021-10-30 00:05:32
436,Senanga,-16.1167,23.2667,74.03,57,78,1.88,ZM,2021-10-30 00:08:54
437,Le Port,-20.9373,55.2919,70.9,78,27,7.81,RE,2021-10-30 00:08:54
438,Buraydah,26.326,43.975,72.19,23,0,10.49,SA,2021-10-30 00:08:55
439,Astoria,46.1879,-123.8313,54.01,70,1,12.66,US,2021-10-30 00:04:02
440,Ranong,9.9658,98.6348,79.07,88,100,3.8,TH,2021-10-30 00:08:55
441,Haines Junction,60.7522,-137.5108,33.4,77,89,5.12,CA,2021-10-30 00:08:56
442,Porto Seguro,-16.4497,-39.0647,75.09,82,29,8.01,BR,2021-10-30 00:08:56
443,Ahipara,-35.1667,173.1667,66.34,70,100,12.97,NZ,2021-10-30 00:08:57
444,Matara,5.9485,80.5353,76.14,91,95,4.23,LK,2021-10-30 00:08:57
445,Berlevag,70.8578,29.0864,39.97,76,47,27.89,NO,2021-10-30 00:04:20
446,Osecina,44.3731,19.6014,49.46,77,5,4.32,RS,2021-10-30 00:08:57
447,Kirksville,40.1948,-92.5833,50.18,90,90,3.0,US,2021-10-30 00:08:58
448,Ocosingo,17.0667,-92.25,62.44,99,100,1.86,MX,2021-10-30 00:08:58
449,Plettenberg Bay,-34.0527,23.3716,61.43,84,85,13.78,ZA,2021-10-30 00:08:59
450,Majene,-3.5403,118.9707,79.92,80,100,3.4,ID,2021-10-30 00:07:19
451,Stromness,58.965,-3.296,50.88,84,100,14.0,GB,2021-10-30 00:04:23
452,Khandyga,62.6667,135.6,12.99,96,99,4.47,RU,2021-10-30 00:08:59
453,Sompeta,18.9333,84.6,76.95,86,73,7.38,IN,2021-10-30 00:09:00
454,Santa Maria,-29.6842,-53.8069,70.52,76,3,10.8,BR,2021-10-30 00:05:18
455,Darhan,49.4867,105.9228,27.01,55,0,5.46,MN,2021-10-30 00:09:01
456,Jiuquan,39.7432,98.5174,37.54,41,7,5.46,CN,2021-10-30 00:09:01
457,Itoman,26.1247,127.6694,75.58,64,0,4.61,JP,2021-10-30 00:09:01
458,Rosarito,32.3333,-117.0333,85.68,63,1,4.27,MX,2021-10-30 00:07:39
459,Glen Allen,37.666,-77.5064,64.31,95,90,3.44,US,2021-10-30 00:09:02
460,Asau,46.4333,26.4,43.72,88,2,1.99,RO,2021-10-30 00:09:03
461,Batouri,4.4333,14.3667,67.75,98,100,2.8,CM,2021-10-30 00:10:03
462,San Jose,37.3394,-121.895,79.88,52,40,8.05,US,2021-10-30 00:05:56
463,Ust-Kulom,61.6864,53.6902,25.39,95,100,8.14,RU,2021-10-30 00:10:04
464,Teluk Nibung,3.001,99.8164,78.06,85,79,7.29,ID,2021-10-30 00:10:05
465,Otradnoye,59.7775,30.8181,49.17,91,71,7.76,RU,2021-10-30 00:10:06
466,Pandan,14.0453,124.1694,83.52,70,13,13.6,PH,2021-10-30 00:10:06
467,Chontalpa,17.7,-93.5167,73.02,77,70,6.44,MX,2021-10-30 00:10:07
468,Hailey,43.5196,-114.3153,36.05,75,75,1.3,US,2021-10-30 00:10:08
469,Ostersund,63.1792,14.6357,48.65,71,64,13.8,SE,2021-10-30 00:10:08
470,Imbituba,-28.24,-48.6703,69.82,96,88,8.23,BR,2021-10-30 00:10:09
471,Vysokogornyy,50.1167,139.15,36.19,81,26,2.59,RU,2021-10-30 00:10:09
472,Ancud,-41.8697,-73.8203,47.86,77,53,10.58,CL,2021-10-30 00:10:09
473,Itarema,-2.9248,-39.9167,78.82,77,42,6.62,BR,2021-10-30 00:10:10
474,Baruun-Urt,46.6806,113.2792,28.9,42,100,16.31,MN,2021-10-30 00:10:10
475,Killybegs,54.6333,-8.45,40.44,86,100,6.17,IE,2021-10-30 00:10:10
476,Bandarbeyla,9.4942,50.8122,77.04,81,27,11.99,SO,2021-10-30 00:10:11
477,Muros,42.7762,-9.0603,62.24,96,100,4.54,ES,2021-10-30 00:07:14
478,Penjamo,20.4333,-101.7333,73.27,53,19,4.05,MX,2021-10-30 00:10:11
479,Hit,33.6416,42.8251,70.81,34,28,5.06,IQ,2021-10-30 00:07:05
480,Calabozo,8.9242,-67.4293,76.19,86,64,1.01,VE,2021-10-30 00:10:12
481,Whitianga,-36.8333,175.7,70.02,66,99,9.86,NZ,2021-10-30 00:10:12
482,Esil,51.9556,66.4042,33.21,91,100,5.35,KZ,2021-10-30 00:10:13
483,Sunrise Manor,36.2111,-115.0731,82.81,22,1,3.44,US,2021-10-30 00:09:44
484,Areosa,41.7178,-8.8571,68.92,89,100,19.8,PT,2021-10-30 00:10:13
485,Saquena,-4.6667,-73.5167,73.58,95,58,2.39,PE,2021-10-30 00:10:14
486,San Carlos De Bariloche,-41.1456,-71.3082,51.55,62,40,28.77,AR,2021-10-30 00:10:09
487,Flin Flon,54.7682,-101.865,38.66,58,83,3.6,CA,2021-10-30 00:10:14
488,Natal,-5.795,-35.2094,78.89,73,34,12.91,BR,2021-10-30 00:10:15
489,Kholm,59.2667,32.85,45.99,93,82,9.04,RU,2021-10-30 00:10:15
490,Benavente,42.0025,-5.6783,57.88,90,100,19.98,ES,2021-10-30 00:10:16
491,Nome,64.5011,-165.4064,26.67,80,75,13.8,US,2021-10-30 00:10:17
492,Broome,42.2506,-75.833,51.91,73,90,1.01,US,2021-10-30 00:07:36
493,Elko,41.0002,-115.5012,65.05,38,40,7.0,US,2021-10-30 00:10:17
494,Lalmohan,22.3384,90.7419,76.21,76,79,10.38,BD,2021-10-30 00:10:18
495,Ust-Nera,64.5667,143.2,2.34,98,99,3.36,RU,2021-10-30 00:10:18
496,Mahebourg,-20.4081,57.7,72.25,80,63,4.45,MU,2021-10-30 00:10:19
497,Belmonte,-15.8631,-38.8828,74.16,85,50,6.87,BR,2021-10-30 00:10:20
498,Gazanjyk,39.2446,55.5154,51.75,58,51,7.16,TM,2021-10-30 00:10:20
499,Oytal,42.9057,73.2697,42.35,73,8,5.44,KZ,2021-10-30 00:10:20
500,Svetlyy,54.675,20.1347,39.25,67,23,10.96,RU,2021-10-30 00:10:21
501,Souillac,-20.5167,57.5167,72.36,84,89,4.7,MU,2021-10-30 00:05:31
502,Shieli,44.1667,66.75,39.43,75,0,3.89,KZ,2021-10-30 00:10:21
503,Puerto Colombia,10.9878,-74.9547,77.09,85,99,6.64,CO,2021-10-30 00:10:22
504,Port Hedland,-20.3167,118.5667,78.85,61,76,5.75,AU,2021-10-30 00:10:22
505,Joshimath,30.5667,79.5667,48.94,22,0,7.0,IN,2021-10-30 00:06:18
506,Tucurui,-3.7661,-49.6725,77.59,80,81,2.57,BR,2021-10-30 00:11:23
507,Srednekolymsk,67.45,153.6833,2.95,94,100,4.34,RU,2021-10-30 00:11:23
508,Nhulunbuy,-12.2333,136.7667,88.41,58,40,12.66,AU,2021-10-30 00:11:24
509,Codroipo,45.96,12.9792,49.17,81,88,4.32,IT,2021-10-30 00:11:25
510,Severnoye,56.3491,78.3619,24.49,70,58,12.93,RU,2021-10-30 00:11:25
511,Ati,13.2154,18.3353,83.1,12,19,8.01,TD,2021-10-30 00:11:25
512,Ukiah,39.1502,-123.2078,75.13,55,1,3.44,US,2021-10-30 00:11:26
513,Djibo,14.1022,-1.6306,91.44,30,99,1.83,BF,2021-10-30 00:11:26
514,Belyy Yar,53.6039,91.3903,35.49,80,0,6.71,RU,2021-10-30 00:11:27
515,Beidao,34.5686,105.8933,50.02,88,28,3.02,CN,2021-10-30 00:11:27
516,Vardo,70.3705,31.1107,37.81,76,11,20.89,NO,2021-10-30 00:11:28
517,Hualmay,-11.0964,-77.6139,64.53,81,59,11.36,PE,2021-10-30 00:11:28
518,Pretoria,-25.7449,28.1878,64.2,76,96,4.43,ZA,2021-10-30 00:08:01
519,Aden,12.7794,45.0367,83.34,63,36,14.54,YE,2021-10-30 00:11:29
520,Datong,40.0936,113.2914,43.59,40,5,1.3,CN,2021-10-30 00:11:29
521,Gimli,50.6336,-96.9907,48.43,55,100,14.52,CA,2021-10-30 00:11:30
522,Sarno,40.8108,14.6198,63.79,78,65,4.65,IT,2021-10-30 00:11:30
523,Touros,-5.1989,-35.4608,79.5,75,25,14.38,BR,2021-10-30 00:11:31
524,Kuroiso,36.9667,140.05,51.4,56,0,1.77,JP,2021-10-30 00:11:31
525,Chulumani,-16.4096,-67.5263,64.31,88,77,3.4,BO,2021-10-30 00:11:31
526,Kachug,53.9606,105.8817,23.11,59,43,2.48,RU,2021-10-30 00:11:32
527,Lagoa,39.05,-27.9833,68.05,94,100,15.97,PT,2021-10-30 00:11:32
528,Canavieiras,-15.675,-38.9472,72.68,88,27,4.83,BR,2021-10-30 00:11:33
529,Tefe,-3.3542,-64.7114,78.91,94,20,2.3,BR,2021-10-30 00:11:33
530,Alice Springs,-23.7,133.8833,72.95,23,0,17.27,AU,2021-10-30 00:07:12
531,Prince Rupert,54.3161,-130.3201,44.42,69,99,2.3,CA,2021-10-30 00:11:33
532,Bonavista,48.6499,-53.1147,40.12,85,96,11.63,CA,2021-10-30 00:10:39
533,Stykkisholmur,65.0757,-22.7297,39.27,96,100,15.57,IS,2021-10-30 00:11:34
534,Joniskis,56.2403,23.6153,45.52,86,36,8.77,LT,2021-10-30 00:11:35
535,Laguna,38.421,-121.4238,78.91,62,1,1.99,US,2021-10-30 00:08:54
536,Khasan,42.4308,130.6434,49.62,73,100,3.42,RU,2021-10-30 00:11:35
537,Aki,33.5,133.9,63.91,60,40,0.65,JP,2021-10-30 00:11:36
538,Saint-Augustin,51.226,-58.6502,42.51,45,1,1.63,CA,2021-10-30 00:11:36
539,Ambilobe,-13.2,49.05,73.08,87,22,0.67,MG,2021-10-30 00:11:37
540,Hofu,34.05,131.5667,66.16,64,28,4.65,JP,2021-10-30 00:11:37
541,Naron,43.5167,-8.1528,58.05,88,100,5.99,ES,2021-10-30 00:11:37
542,Horlivka,48.347,38.0542,41.85,82,3,3.6,UA,2021-10-30 00:11:38
543,Camacha,33.0833,-16.3333,69.22,78,20,13.8,PT,2021-10-30 00:11:38
544,Meadow Lake,34.8014,-106.5436,70.57,29,0,3.6,US,2021-10-30 00:11:40
545,Nagato,34.3833,131.2,66.2,61,61,3.13,JP,2021-10-30 00:11:40
546,Lubao,14.9167,120.55,80.15,74,82,8.81,PH,2021-10-30 00:11:41
547,Alofi,-19.0595,-169.9187,76.46,59,96,16.04,NU,2021-10-30 00:11:41
548,Faanui,-16.4833,-151.75,78.89,72,89,15.46,PF,2021-10-30 00:11:42
549,Xinzhi,36.4989,111.7047,55.6,64,0,1.36,CN,2021-10-30 00:11:42
550,Cody,44.5263,-109.0565,62.82,30,90,11.5,US,2021-10-30 00:09:03
551,Verkhnya Syrovatka,50.829,34.9586,41.38,83,6,4.32,UA,2021-10-30 00:12:43
552,Nuuk,64.1835,-51.7216,32.61,93,90,0.0,GL,2021-10-30 00:12:43
553,Ust-Tsilma,65.441,52.1498,23.97,95,100,7.52,RU,2021-10-30 00:12:43
554,Hurricane,37.1753,-113.2899,74.32,32,0,0.56,US,2021-10-30 00:12:44
555,Xichang,27.8964,102.2634,55.27,82,79,0.6,CN,2021-10-30 00:12:44
556,Conceicao Do Coite,-11.5639,-39.2828,68.76,72,8,9.51,BR,2021-10-30 00:12:45
557,Nalut,30.3333,10.85,65.12,43,26,3.85,LY,2021-10-30 00:10:43
558,Gasa,31.5,34.4667,71.58,71,100,4.85,PS,2021-10-30 00:12:46
559,Athabasca,54.7169,-113.2854,35.76,43,23,7.76,CA,2021-10-30 00:12:46
560,Kultuk,51.7208,103.6956,33.12,76,20,3.15,RU,2021-10-30 00:12:46
561,Pontes E Lacerda,-15.2261,-59.3353,71.17,87,86,2.26,BR,2021-10-30 00:12:47
562,Skibbereen,51.55,-9.2667,44.4,83,47,10.31,IE,2021-10-30 00:12:47
563,Lompoc,34.6391,-120.4579,85.08,80,1,9.22,US,2021-10-30 00:12:48
564,Nampula,-15.1165,39.2666,62.82,77,6,2.35,MZ,2021-10-30 00:12:48
565,Castletown,53.0281,-9.0686,43.29,91,83,6.62,IE,2021-10-30 00:12:48
566,Decatur,39.8403,-88.9548,53.91,94,90,18.41,US,2021-10-30 00:09:20
567,Mpika,-11.8343,31.4529,62.47,49,51,6.24,ZM,2021-10-30 00:12:49
568,Rolla,37.9514,-91.7713,49.05,96,90,5.01,US,2021-10-30 00:10:15
569,Contamana,-7.3333,-75.0167,78.12,75,79,2.01,PE,2021-10-30 00:12:50
570,Gat,31.61,34.7642,72.39,75,100,3.87,IL,2021-10-30 00:12:50
571,Cartagena,10.3997,-75.5144,78.42,89,75,4.61,CO,2021-10-30 00:11:31
572,Daniel Flores,9.3355,-83.6694,71.02,97,99,1.36,CR,2021-10-30 00:12:51
573,Bandipur,27.9333,84.4167,53.83,80,0,2.59,NP,2021-10-30 00:12:51
574,Lisakovsk,52.5369,62.4936,32.68,54,97,2.59,KZ,2021-10-30 00:11:30
575,Strezhevoy,60.7333,77.5889,19.38,87,100,18.07,RU,2021-10-30 00:12:52
576,Kaka,37.3482,59.6143,52.34,43,2,5.01,TM,2021-10-30 00:12:52
577,Coquimbo,-29.9533,-71.3436,56.93,82,0,3.44,CL,2021-10-30 00:12:52
578,Chicama,-7.8447,-79.1469,59.54,78,28,6.4,PE,2021-10-30 00:12:53
579,Poum,-20.2333,164.0167,76.48,70,10,12.95,NC,2021-10-30 00:12:53
580,Kamphaeng Phet,16.25,99.5,73.27,97,95,3.47,TH,2021-10-30 00:12:54
581,Danville,36.586,-79.395,62.31,76,90,10.36,US,2021-10-30 00:12:54
582,Ahvaz,31.3203,48.6693,78.8,63,91,9.91,IR,2021-10-30 00:12:54
583,Esna,25.2934,32.554,77.32,26,63,7.23,EG,2021-10-30 00:12:55
584,Albania,41.0,20.0,43.99,65,0,6.55,AL,2021-10-30 00:12:55
585,Nikko,36.75,139.6167,50.95,53,0,2.91,JP,2021-10-30 00:12:56
586,Salinopolis,-0.6136,-47.3561,78.3,84,95,7.87,BR,2021-10-30 00:09:28
587,Nantucket,41.2835,-70.0995,52.02,73,79,20.96,US,2021-10-30 00:12:56
588,Alugan,12.2188,125.4808,81.75,80,32,13.67,PH,2021-10-30 00:12:57
